dpitts@verizon.net,Chace Mahoney
formis@verizon.net,Alec Mcmahon
bcevc@optonline.net,Gracie Moss
sscorpio@att.net,Julissa Gates
dpitts@me.com,Ryan Foster
fallorn@icloud.com,Muhammad Wheeler
william@att.net,Gracie Kelly
unreal@hotmail.com,Koen Stark
mnemonic@me.com,Clayton Walls
juliano@aol.com,Braiden Nixon
mrdvt@icloud.com,Zoey Bullock
yenya@aol.com,Hugo Craig
kingjoshi@me.com,Nyasia Hubbard
citadel@msn.com,Charity Palmer
arandal@yahoo.com,Derek Ho
ilial@hotmail.com,Janiyah Ewing
mallanmba@icloud.com,Siena Mullen
kiddailey@sbcglobal.net,Ben Sherman
bbirth@live.com,Santos Figueroa
metzzo@optonline.net,Johanna Benson
csilvers@msn.com,Finley Proctor
jipsen@live.com,Braxton Rice
barjam@mac.com,Alena Middleton
fraser@me.com,Kaia Nguyen
noneme@yahoo.ca,Connor Romero
bartlett@att.net,Lyric Crosby
dwsauder@gmail.com,Leonel Murphy
corrada@optonline.net,Chandler Arellano
tangsh@icloud.com,Connor Richardson
oneiros@outlook.com,Aubrie Daniels
msherr@mac.com,Marcus Kaiser
novanet@yahoo.com,Oliver Moses
richard@outlook.com,Emmy Lynch
mgreen@live.com,Alfred Grimes
reeds@hotmail.com,Noemi Orozco
hillct@gmail.com,Kamryn Sanchez
mhassel@live.com,Kayla Vasquez
jpflip@hotmail.com,Reagan Mitchell
miturria@me.com,Macy Bryan
andersbr@hotmail.com,Gary Parks
vertigo@me.com,Maria Li
yumpy@aol.com,Gaven Vega
jgwang@verizon.net,Kenya Conley
mcnihil@sbcglobal.net,Rodolfo Waller
jginspace@msn.com,Dustin Everett
carmena@optonline.net,Rylan Pena
heidrich@verizon.net,Alejandra Frazier
mosses@hotmail.com,Oscar Larsen
webteam@att.net,Terrell Baxter
iapetus@icloud.com,Gracelyn Barajas
tristan@icloud.com,Aleah Stokes
temmink@comcast.net,Izaiah Bowen
crimsane@gmail.com,Jefferson English
crusader@yahoo.com,Maleah Zamora
houle@gmail.com,Jovan Fischer
ideguy@yahoo.ca,Mariela Riddle
elmer@yahoo.ca,Janiya Rivas
parsimony@comcast.net,Julian Dennis
kingjoshi@icloud.com,Terrence Mccullough
osaru@yahoo.ca,Janet Mcpherson
mosses@aol.com,Braydon Lang
biglou@msn.com,Sullivan Rosario
thassine@hotmail.com,Elias Larson
manuals@verizon.net,Quinn Mora
afeldspar@outlook.com,Bailey Nicholson
pemungkah@yahoo.ca,Jazlyn Gordon
kmiller@gmail.com,Remington Carter
ivoibs@outlook.com,Lucian Macdonald
jonadab@sbcglobal.net,Cali Woodward
hutton@msn.com,Carly Rowland
goresky@live.com,Annie Ayers
gemmell@outlook.com,Zander Keller
garyjb@mac.com,Alonzo Coleman
rupak@optonline.net,Karina Castillo
frederic@me.com,Quinn Anthony
shang@optonline.net,Cheyanne Lindsey
suresh@outlook.com,Marianna Simpson
seebs@outlook.com,Shea Nunez
amcuri@gmail.com,Bo Baxter
jrkorson@optonline.net,Kimora Randall
eurohack@yahoo.com,Franco Powell
kingjoshi@gmail.com,Yusuf Mcclure
dgriffith@yahoo.com,Anabel Chung
kalpol@hotmail.com,Maddox Mccullough
jpflip@yahoo.com,Malachi Wilkinson
fairbank@outlook.com,Landyn Pope
malvar@att.net,Jessie Chase
errxn@hotmail.com,Mylee Bruce
cyrus@verizon.net,Emma Rocha
shang@hotmail.com,Leonard Martin
fraser@icloud.com,Dakota Madden
koudas@outlook.com,Jamari Nichols
daveewart@outlook.com,Memphis Lam
muzzy@outlook.com,Albert Becker
ryanshaw@verizon.net,Kaylah Brown
stern@outlook.com,Daniela Colon
yfreund@sbcglobal.net,Emmy Boyer
yxing@hotmail.com,Jacey Branch
retoh@att.net,Aditya Beasley
lipeng@yahoo.com,Jose Barnes
